{"cameraMode":{"drawMode":0,"name":"Shaded","section":"Shading Mode"},"sceneLighting":true,"audioPlay":false,"sceneViewState":{"showFog":true,"showMaterialUpdate":false,"showSkybox":true,"showFlares":true,"showImageEffects":true,"showParticleSystems":true},"in2DMode":false,"pivot":{"x":-0.6078332662582398,"y":7.046234130859375,"z":6.909753322601318},"rotation":{"x":-0.012066020630300045,"y":0.6961122155189514,"z":-0.011702083982527256,"w":-0.7177456021308899},"size":47.96253967285156,"orthographic":true}