{"cameraMode":{"drawMode":0,"name":"Shaded","section":"Shading Mode"},"sceneLighting":true,"audioPlay":false,"sceneViewState":{"showFog":true,"showMaterialUpdate":false,"showSkybox":true,"showFlares":true,"showImageEffects":true,"showParticleSystems":true},"in2DMode":false,"pivot":{"x":-5.500223159790039,"y":-1.054753065109253,"z":-0.6154683828353882},"rotation":{"x":-0.15102756023406983,"y":0.6879566311836243,"z":-0.14973554015159608,"w":-0.6938987374305725},"size":47.43806457519531,"orthographic":false}