{"cameraMode":{"drawMode":0,"name":"Shaded","section":"Shading Mode"},"sceneLighting":true,"audioPlay":false,"sceneViewState":{"showFog":true,"showMaterialUpdate":false,"showSkybox":true,"showFlares":true,"showImageEffects":true,"showParticleSystems":true},"in2DMode":false,"pivot":{"x":-3.9923160076141359,"y":13.273361206054688,"z":8.244991302490235},"rotation":{"x":-0.06229429692029953,"y":-0.7286354303359985,"z":0.0668475404381752,"w":-0.6787957549095154},"size":48.954811096191409,"orthographic":true}