{"cameraMode":{"drawMode":0,"name":"Shaded","section":"Shading Mode"},"sceneLighting":true,"audioPlay":false,"sceneViewState":{"showFog":true,"showMaterialUpdate":false,"showSkybox":true,"showFlares":true,"showImageEffects":true,"showParticleSystems":true},"in2DMode":false,"pivot":{"x":-3.9923160076141359,"y":13.273361206054688,"z":8.244991302490235},"rotation":{"x":0.17840197682380677,"y":-0.5134917497634888,"z":0.11009000241756439,"w":0.8321044445037842},"size":75.04093933105469,"orthographic":true}